,Unnamed: 0,name,id,office,position,cars_info,cars_family_info,all_cars_sum,all_help,all_cars_sum_uah,all_cars_sum_uah_mln,monthly_salary,monthly_salary_family,all_salary,all_estate,group,car_years,group_car,group_flat,group_years,group_help
2,10,Євсіков Олексій Олександрович,vulyk_8_29,Вищий господарський суд,суддя вищого господарського суду україни,Volkswagen Touareg;Volkswagen Touareg;,;;,81496.0,14616.0,977952.0,0.98,20273.0,39984.0,60257.0,289.0,суди,1.4,medium,low,low,1
9,32,Єрмоленко Дмитро Дмитрович,vulyk_2_219,Прокуратура,заступник прокурора овідіопольського району одеської області,;;,BMW X5;Infiniti FX35;,87716.0,9600.0,1052592.0,1.05,9572.0,0.0,9572.0,93.0,суди,9.2,high,low,high,1
17,62,Іванов Дмитро Іванович,vulyk_14_97,Державна фіскальна служба / Державна митна служба / Державна податкова служба / Податкова інспекція / Міністерство зборів та доходів/,заступник начальника гу дфс в одеській області,Mercedes-Benz GL 550;;;,Lexus LX 470;Mercedes-Benz S 550;;,91698.0,0.0,1100376.0,1.1,3466.0,1820.0,5286.0,420.0,митники,17.3,high,low,high,0
18,64,Іванов Сергій Володимирович,vulyk_10_136,Державна фіскальна служба / Державна митна служба / Державна податкова служба / Податкова інспекція / Міністерство зборів та доходів/,начальник митного поста одеса-порт одеської митниці дфс,Volkswagen Multivan;;,Hyundai Tiburon;;;;,47499.0,0.0,569988.0,0.57,6030.0,5876.0,11906.0,703.0,митники,4.0,low,medium,low,0
24,172,Алєксєєва Наталія Юнівна,vulyk_26_64,Адміністративний місцевий суд,суддя полтавського окружного адміністративного суду,ВАЗ 21093;Mitsubishi ASX;,Ford Kuga;Toyota Highlander;;,82688.0,0.0,992256.0,0.99,14608.0,145417.0,160025.0,532.0,суди,0.5,medium,low,low,0
37,317,Барановський Юрій Богданович,vulyk_1_1703,Прокуратура,начальник відділу процесуального керівництва у кримінальних провадженнях прокуратури області,;;;;;,Hyundai SantaFe;Hyundai SantaFe;Toyota RAV4;;;,119885.0,0.0,1438620.0,1.44,11166.0,0.0,11166.0,558.0,суди,10.7,high,low,high,0
38,323,Барбара Валентин Петрович,vulyk_56_152,Верховний суд,заступник голови верховного суду україни - секретар судової палати у господарських справах,Mercedes-Benz A 150;;,Mercedes-Benz GL 350;;,93093.0,0.0,1117116.0,1.12,29226.0,0.0,29226.0,325.0,суди,3.2,high,low,low,0
49,392,Бердан Наталія Володимирівна,vulyk_21_100,Загальний місцевий суд,голова калуського міськрайонного суду івано-франківської області,Daihatsu;;;,ВАЗ 2121;ВАЗ 21063;ваз 2121;Mercedes-Benz;SsangYong Rexton,16574.0,0.0,198888.0,0.2,19908.0,0.0,19908.0,840.0,суди,0.8,low,medium,low,0
51,404,Березнер Володимир Анатолійович,vulyk_11_85,Державна фіскальна служба / Державна митна служба / Державна податкова служба / Податкова інспекція / Міністерство зборів та доходів/,перший заступник начальника гайсинської одпі гу дфс у вінницькій області,УАЗ 469Б;Volkswagen T4;Volkswagen T5,Volkswagen Polo;;;,31902.0,0.0,382824.0,0.38,5900.0,4624.0,10524.0,919.0,митники,3.0,low,medium,low,0
62,472,Боднарюк Олег Васильович,vulyk_51_151,Адміністративний місцевий суд,суддя (голова) чернівецького окружного адміністративного суду,BMW X6;;;,Honda Coupe;;;;,73039.0,0.0,876468.0,0.88,18292.0,0.0,18292.0,0.0,суди,4.0,medium,low,low,0
68,525,Бондар Сергій Володимирович,vulyk_8_83,Вищий господарський суд,суддя вищого господарського суду україни,;;,Renault Koleos;Renault Laguna;,25772.0,14616.0,309264.0,0.31,22855.0,1556.0,24411.0,871.0,суди,1.1,low,medium,low,1
76,560,Бориславський Юрій Любомирович,vulyk_18_32,Загальний місцевий суд,голова залізничного районного суду м. львова,Lexus IS 300;;,Audi Q7;;,76513.0,0.0,918156.0,0.92,17153.0,7293.0,24446.0,261.0,суди,3.1,medium,low,low,0
78,574,Бородавко Ігор Петрович,vulyk_28_169,Державна фіскальна служба / Державна митна служба / Державна податкова служба / Податкова інспекція / Міністерство зборів та доходів/,перший заступник начальника гу дфс у рівненській області,Acura MDX;Infiniti FX 37S;;;;,Mazda 3;;;,69527.0,0.0,834324.0,0.83,6755.0,15500.0,22255.0,0.0,митники,3.1,medium,low,low,0
79,576,Бородовський Станіслав Олександрович,vulyk_44_89,Загальний місцевий суд,суддя івано-франківського міського суду івано-франківської області,;;,Toyota Auris;;,10041.0,12150.0,120492.0,0.12,18858.0,0.0,18858.0,887.0,суди,0.5,low,medium,low,1
84,612,Брездень Володимир Іванович,vulyk_20_33,Прокуратура,заступник прокурора львівської області,Volvo XC90;;;,;;;,22033.0,0.0,264396.0,0.26,18292.0,9678.0,27970.0,781.0,суди,0.8,low,medium,low,0
88,620,Бровченко Ігор Олександрович,vulyk_55_26,Загальний апеляційний суд,суддя апеляційного суду харківської області,;,Mercedes-Benz CL-350;;,96587.0,0.0,1159044.0,1.16,23309.0,2560.0,25869.0,266.0,суди,3.7,high,low,low,0
89,632,Бугрименко Володимир Григорович,vulyk_43_172,Загальний апеляційний суд,суддя апеляційного суду херсонської області,Chevrolet;;,;;,6377.0,0.0,76524.0,0.08,21712.0,0.0,21712.0,774.0,суди,0.3,low,medium,low,0
90,635,Бударний Олександр Володимирович,vulyk_34_81,Міністерство внутрішніх справ,перший заступник начальника - начальник слідчого управління гумвс україни в харківській області,Mercedes-Benz GL 500;;,Toyota Camry;;,59990.0,18600.0,719880.0,0.72,11378.0,0.0,11378.0,275.0,МВС,5.3,medium,low,medium,1
92,648,Буленко Олександр Олексійович,vulyk_26_40,Апеляційний суд,заступник голови апеляційного суду полтавської області,Lexus GX;;,Toyota Camry;;;,75058.0,0.0,900696.0,0.9,23293.0,0.0,23293.0,301.0,суди,3.2,medium,low,low,0
97,692,Буцьких Дмитро Олександрович,vulyk_12_106,Міністерство внутрішніх справ,заступник начальника дму гумвс україни в дніпропетровській області,Toyota Land Cruiser 200;;;,Lexus ES 350;;,121394.0,0.0,1456728.0,1.46,3737.0,0.0,3737.0,240.0,МВС,32.5,high,low,high,0
101,721,Білий Валерій Олександрович,vulyk_2_192,Прокуратура,перший заступник прокурора суворівського району м. одеси одеської області,Toyota Avalon;Toyota Camry;,Mitsubishi Pajero Sport;;,76042.0,0.0,912504.0,0.91,10027.0,0.0,10027.0,0.0,суди,7.6,medium,low,high,0
103,737,Білоус Сергій Андрійович,vulyk_11_40,Прокуратура,начальник відділу прокуратури вінницької області,Skoda Fabia;;,Renault Logan;Renault Logan;Toyota Rav 4;,62900.0,0.0,754800.0,0.75,12196.0,0.0,12196.0,428.0,суди,5.2,medium,low,medium,0
105,751,Бірюков Руслан Миколайович,vulyk_26_184,Міністерство внутрішніх справ,"заступник начальника убоп гу мвс україни в одеській області, підполковник міліції",BMW;Land Rover Range Rover Sport;,Land Rover Range Rover Sport;;;,118086.0,0.0,1417032.0,1.42,9187.0,0.0,9187.0,293.0,МВС,12.9,high,low,high,0
108,790,Васильонок Вадим Вікторович,vulyk_39_40,Державна фіскальна служба / Державна митна служба / Державна податкова служба / Податкова інспекція / Міністерство зборів та доходів/,заступник начальника митного поста - начальник відділу митного оформлення пасажирський митного поста конотоп сумської митниці дфс,ВАЗ 21093;Opel Insignia;Toyota Highlander;;;;;;;;;,Toyota Highlander;;;;,84216.0,400.0,1010592.0,1.01,8291.0,0.0,8291.0,142.0,митники,10.2,high,low,high,1
111,836,Вербицька Лариса Іванівна,vulyk_43_152,Загальний апеляційний суд,суддя апеляційного суду херсонської області,;;,Range Rover;Porsche Panamera;Volkswagen Touareg,202671.0,0.0,2432052.0,2.43,19786.0,0.0,19786.0,662.0,суди,10.2,high,low,high,0
116,931,Волошенюк Ірина Євгенівна,vulyk_16_52,Державна фіскальна служба / Державна митна служба / Державна податкова служба / Податкова інспекція / Міністерство зборів та доходів/,заступник начальника дпі у дзержинському районі м. харкова гу дфс у харківській області,Toyota Rav 4;;,Audi Q7;Toyota Rav 4;;;;;,78107.0,0.0,937284.0,0.94,4632.0,12205.0,16837.0,154.0,митники,4.6,medium,low,low,0
123,1022,Гайдаєв Юрій Олександрович,vulyk_29_146,Державна фіскальна служба / Державна митна служба / Державна податкова служба / Податкова інспекція / Міністерство зборів та доходів/,начальник спеціалізованої лабораторії з питань експертизи та досліджень міністерства доходів і зборів україни,Audi Q7;;;,Porsche Cayenne;,94626.0,21607.0,1135512.0,1.14,12034.0,55427.0,67461.0,1029.0,митники,1.4,high,high,low,1
128,1056,Гальонкін Сергій Анатолійович,vulyk_26_11,Загальний апеляційний суд,заступник голови апеляційного суду полтавської області,Honda Civic;;,Toyota Rav 4;Honda CR-V;;,25167.0,0.0,302004.0,0.3,22380.0,0.0,22380.0,1049.0,суди,1.1,low,high,low,0
135,1117,Герасимчук Микола Костянтинович,vulyk_28_57,Загальний місцевий суд,голова рівненського міського суду рівненської області,Toyota;;;;;,Peugeot Partner;;;,64659.0,0.0,775908.0,0.78,22486.0,3260.0,25746.0,169.0,суди,2.5,medium,low,low,0
141,1144,Гладкіх Олег Васильович,vulyk_13_191,Прокуратура,перший заступник прокурора дніпропетровської області,BMW E64;Mercedes-Benz S-600;ГАЗ 2410;,BMW X 6;;;,84744.0,0.0,1016928.0,1.02,15443.0,0.0,15443.0,558.0,суди,5.5,high,low,medium,0
143,1153,Глиняний Віктор Петрович,vulyk_51_57,Загальний апеляційний суд,"суддя, секретар судової палати з розгляду кримінальних справ апеляційного суду м. києва",BMW X5;;;,;;;;,69438.0,0.0,833256.0,0.83,21906.0,0.0,21906.0,306.0,суди,3.2,medium,low,low,0
146,1185,Гоздуп Костянтин Володимирович,vulyk_11_25,Прокуратура,"начальник відділу нагляду за додержанням законів органами сбу, державної митної служби та державної прикордонної служби україни прокуратури вінницької області",;;,Ford Fiesta;Mercedes-Benz E 200 CDI;;,81572.0,0.0,978864.0,0.98,11453.0,7321.0,18774.0,84.0,суди,4.3,medium,low,low,0
150,1246,Гончаренко Андрій Миколайович,vulyk_16_125,Прокуратура,прокурор м. харкова,Nissan X-Trail;Mercedes-Benz ML 320;,Daewoo Nubira;Volkswagen Golf;;;;;,59025.0,0.0,708300.0,0.71,14892.0,0.0,14892.0,143.0,суди,4.0,medium,low,low,0
151,1252,Гончаров Віталій Васильович,vulyk_25_14,Міністерство внутрішніх справ,начальник умвс україни в миколаївській області,Lexus 570;;;,Honda CR-V;Honda Civic;;,35648.0,0.0,427776.0,0.43,7202.0,0.0,7202.0,830.0,МВС,4.9,low,medium,low,0
157,1302,Горобинський Микола Олександрович,vulyk_10_106,Державна фіскальна служба / Державна митна служба / Державна податкова служба / Податкова інспекція / Міністерство зборів та доходів/,начальник львівської митниці дфс,Mercedes-Benz E 250;;,Mercedes-Benz E 200;Volkswagen Multivan;;;,50927.0,0.0,611124.0,0.61,17463.0,2000.0,19463.0,988.0,митники,2.6,low,medium,low,0
160,1326,Грабець Ігор Несторович,vulyk_22_128,Прокуратура,перший заступник прокурора київської області,Toyota Camry;,Lexus RX;;,76958.0,11810.0,923496.0,0.92,18459.0,0.0,18459.0,193.0,суди,4.2,medium,low,low,1
163,1369,Григорчак Юрій Петрович,vulyk_33_174,Загальний місцевий суд,суддя глибоцького районного суду чернівецької області,Hyundai Tucson;;;,Hyundai IX35;Opel Vectra;;,77506.0,0.0,930072.0,0.93,15642.0,0.0,15642.0,361.0,суди,5.0,medium,low,medium,0
167,1374,Гримич Майя Костянтинівна,vulyk_8_123,Вищий спецiалiзований суд України з розгляду цивiльних i кримiнальних справ,суддя вищого спеціалізованого суду україни з розгляду цивільних і кримінальних справ,BMW X5;;,BMW X5;Audi Q7;,192983.0,0.0,2315796.0,2.32,20707.0,91667.0,112374.0,529.0,суди,1.7,high,low,low,0
170,1382,Гринь Олександр Миколайович,vulyk_42_149,Загальний місцевий суд,суддя луцького міськрайонного суду волинської області,Toyota Camry;;;,Toyota Camry;Mazda 3;,68245.0,9720.0,818940.0,0.82,12250.0,37171.0,49421.0,0.0,суди,1.4,medium,low,low,1
172,1387,Гринів Юрій Олексійович,vulyk_18_185,Державна фіскальна служба / Державна митна служба / Державна податкова служба / Податкова інспекція / Міністерство зборів та доходів/,начальник дпі у франківському р-ні м. львова гу міндоходів у львівській області,Subaru Outback;Nissan X-Trail;,Rover 75;Fiat 500;,61846.0,500.0,742152.0,0.74,2062.0,595.0,2657.0,230.0,митники,23.3,medium,low,high,1
185,1487,Гусаров Сергій Миколайович,vulyk_25_2,Міністерство внутрішніх справ,ректор харківського національного університету внутрішніх справ,Toyota Corolla;;;,Honda CR-V;Toyota Camry;;,30645.0,0.0,367740.0,0.37,11277.0,2540.0,13817.0,926.0,МВС,2.2,low,medium,low,0
187,1496,Гуцал Лілія Вікторівна,vulyk_55_29,Загальний апеляційний суд,суддя апеляційного суду харківської області,Mercedes-Benz A-Class;,Hyundai Santa FE;;,55801.0,0.0,669612.0,0.67,20710.0,18652.0,39362.0,748.0,суди,1.4,low,medium,low,0
188,1497,Гуцал Михайло Ігорович,vulyk_56_120,Апеляційний адміністративний суд,суддя харківського апеляційного адміністративного суду,Hyundai Santa FE;;,Mercedes-Benz А;;,22801.0,0.0,273612.0,0.27,18615.0,20710.0,39325.0,826.0,суди,0.6,low,medium,low,0
190,1502,Гушилик Світлана Миколаївна,vulyk_51_101,Господарський місцевий суд,суддя,Renault Sandero;;;,Ford Escort;ВАЗ 21150;SsangYong Rexton;Nissan Note;Nissan X-Trail,67086.0,14608.0,805032.0,0.81,16636.0,4168.0,20804.0,50.0,суди,3.2,medium,low,low,1
192,1522,Данилова Мальвіна Володимирівна,vulyk_8_50,Вищий господарський суд,суддя вищого господарського суду україни,Mercedes-Benz E-250;Mercedes-Benz C200;,Mercedes-Benz S 550;Subaru Impreza;,45831.0,0.0,549972.0,0.55,22806.0,225.0,23031.0,947.0,суди,2.0,low,medium,low,0
207,1694,Долженко Олександр Миколайович,vulyk_36_11,Міністерство внутрішніх справ,начальник куп'янського мв гумвс україни в харківській області,Mitsubishi Pajero Wagon;,Mitsubishi Pajero Wagon;Nissan Juke,83058.0,0.0,996696.0,1.0,8385.0,14855.0,23240.0,338.0,МВС,3.6,high,low,low,0
212,1734,Дроботова Тетяна Борисівна,vulyk_8_53,Вищий господарський суд,суддя вищого господарського суду україни,;;,Mercedes-Benz ML 350;;,66978.0,0.0,803736.0,0.8,22949.0,0.0,22949.0,153.0,суди,2.9,medium,low,low,0
213,1735,Дрогомирецький Віктор Іванович,vulyk_3_1,Прокуратура,старший прокурор прокуратури дніпровського району м. києва,Toyota Corolla;,Mercedes Benz E220 CDI;;;,75967.0,0.0,911604.0,0.91,7800.0,938.0,8738.0,109.0,суди,8.7,medium,low,high,0
223,1807,Діденко Сергій Аркадійович,vulyk_52_30,Загальний місцевий суд,суддя київського районного суду м. харкова,Kia Ceed;Daewoo Sens,;;;,12779.0,0.0,153348.0,0.15,21022.0,1238.0,22260.0,1849.0,суди,0.6,low,high,low,0
224,1810,Дідик Андрій Миколайович,vulyk_18_165,Державна фіскальна служба / Державна митна служба / Державна податкова служба / Податкова інспекція / Міністерство зборів та доходів/,перший заступник начальника головного управління державної фіскальної служби у львівській області,Infiniti QX 56;Volkswagen Crafter;,Volkswagen Eos;Audi A6;,96179.0,0.0,1154148.0,1.15,2925.0,450.0,3375.0,570.0,митники,28.5,high,low,high,0
225,1821,Етнарович Віталій Володимирович,vulyk_14_62,Прокуратура,перший заступник прокурора одеської області,;;;,Hyundai Getz;Lexus RX 350;Audi Q5;Audi Q7,130353.0,0.0,1564236.0,1.56,14981.0,1900.0,16881.0,280.0,суди,7.7,high,low,high,0
228,1833,Жельне Сергій Чеславович,vulyk_59_65,Господарський місцевий суд,суддя господарського суду харківської області,Toyota Avensis;Daewoo Sens;,Toyota Land Cruiser 120;Toyota Avensis;;,81423.0,3060.0,977076.0,0.98,19315.0,27.0,19342.0,297.0,суди,4.2,medium,low,low,1
230,1844,Жиганська Наталія Михайлівна,vulyk_20_142,Загальний місцевий суд,Голова Свалявського районного суду Закарпатської області,Skoda Fabia;ВАЗ 21099;;,ВАЗ 21213;ВАЗ 210994;Audi 80;,7457.0,0.0,89484.0,0.09,21985.0,3138.0,25123.0,936.0,суди,0.3,low,medium,low,0
231,1848,Жизневська Анжела Владиславівна,vulyk_58_47,Апеляційний адміністративний суд,суддя житомирського апеляційного адміністративного суду,Toyota Rav 4;;,Toyota Land Cruiser-150;Nissan Micra;Toyota Camry;,59353.0,26796.0,712236.0,0.71,20205.0,20948.0,41153.0,735.0,суди,1.4,medium,medium,low,1
232,1849,Жизнєвський Юрій Васильович,vulyk_60_188,Загальний апеляційний суд,суддя апеляційного суду житомирської області,Toyota Land Cruiser;Nissan Micra;Toyota Camry;,Toyota Rav 4;;;,59353.0,26796.0,712236.0,0.71,20948.0,20205.0,41153.0,735.0,суди,1.4,medium,medium,low,1
239,1899,Заброцька Оксана Вікторівна,vulyk_1_869,Прокуратура,старший прокурор прокуратури міста Ірпеня,Daewoo Matiz;;;;;,Mercedes Benz S350;;;;;,65345.0,0.0,784140.0,0.78,6084.0,0.0,6084.0,608.0,суди,10.7,medium,low,high,0
244,1948,Занет Марина Георгіївна,vulyk_14_129,Державна фіскальна служба / Державна митна служба / Державна податкова служба / Податкова інспекція / Міністерство зборів та доходів/,перший заступник начальника дпі у ренійському районі головного управління міністерства доходів в одеській області,;;;,ВАЗ 2121;ВАЗ 2121;;,2895.0,0.0,34740.0,0.03,5690.0,1300.0,6990.0,717.0,митники,0.4,low,medium,low,0
245,1955,Запорощенко Михайло Дмитрович,vulyk_8_69,Вищий господарський суд,суддя вищого господарського суду україни,BMW X3;;,Volkswagen Touareg;;,76736.0,14616.0,920832.0,0.92,19271.0,0.0,19271.0,209.0,суди,4.0,medium,low,low,1
248,1966,Заскіна Ілонна Павлівна,vulyk_11_79,Державна фіскальна служба / Державна митна служба / Державна податкова служба / Податкова інспекція / Міністерство зборів та доходів/,заступник начальника гу міндоходів у вінницькій області,Nissan Juke;;,Volkswagen Sharan;Toyota Land Cruiser Prado;Nissan Qashqai;,97527.0,5356.22,1170324.0,1.17,7131.0,2925.0,10056.0,259.0,митники,9.7,high,low,high,1
252,1987,Заєць Світлана Володимирівна,vulyk_37_6,Господарський місцевий суд,суддя господарського суду сумської області,Opel Vectra;;,Hyundai Santa FE;;;;;,68569.0,10483.0,822828.0,0.82,18439.0,5810.0,24249.0,31.0,суди,2.8,medium,low,low,1
255,1995,Звонков Андрій Олександрович,vulyk_13_109,Державна фіскальна служба / Державна митна служба / Державна податкова служба / Податкова інспекція / Міністерство зборів та доходів/,заступник начальника головного управління дфс у дніпропетровській області,;;;,Nissan Patrol;Audi A8;;,145459.0,0.0,1745508.0,1.75,7263.0,0.0,7263.0,580.0,митники,20.0,high,low,high,0
256,2015,Зеліско Руслан Йосипович,vulyk_17_195,Загальний місцевий суд,заступник голови жовківського районного суду львівської області,Mazda 6;;;,Toyota Camry;Toyota Camry;;;,53995.0,0.0,647940.0,0.65,19434.0,0.0,19434.0,1179.0,суди,2.8,low,high,low,0
259,2034,Зубар Валентин Васильович,vulyk_8_172,Вищий спецiалiзований суд України з розгляду цивiльних i кримiнальних справ,суддя вищого спеціалізованого суду україни з розгляду цивільних і кримінальних справ,SsangYong RX 270 XO;Mercedes-Benz ML 350;,Subaru Impreza;;,96349.0,0.0,1156188.0,1.16,25228.0,0.0,25228.0,284.0,суди,3.8,high,low,low,0
262,2064,Кавлак Інесса Павлівна,vulyk_42_96,Господарський місцевий суд,суддя господарського суду івано-франківської області,;;;,Audi Q5;Mercedes-Benz GL;,119542.0,0.0,1434504.0,1.43,15072.0,625.0,15697.0,418.0,суди,7.6,high,low,high,0
264,2070,Казарцева Валерія Вадимівна,vulyk_59_69,Господарський місцевий суд,суддя господарського суду харківської області,Porsche Cayenne;Porsche Panamera;,;;;,128483.0,0.0,1541796.0,1.54,15036.0,0.0,15036.0,164.0,суди,8.5,high,low,high,0
268,2088,Калиновська Лоліта Віталіївна,vulyk_15_188,Загальний місцевий суд,суддя дергачівського районного суду харківської області,Audi A3;;,Daewoo Lanos;Skoda Yeti;Skoda Fabia;Subaru Forester,73559.0,0.0,882708.0,0.88,15538.0,4230.0,19768.0,494.0,суди,3.7,medium,low,low,0
273,2112,Калініченко Микола Іванович,vulyk_10_152,Державна фіскальна служба / Державна митна служба / Державна податкова служба / Податкова інспекція / Міністерство зборів та доходів/,начальник полтавської митниці дфс,Toyota Land Cruiser Prado;;,Toyota Rav 4;;;;,60768.0,0.0,729216.0,0.73,4078.0,24635.0,28713.0,725.0,митники,2.1,medium,medium,low,0
282,2222,Квятківський Юрій Вікторович,vulyk_39_105,Міністерство внутрішніх справ,перший заступник начальника - начальник слідчого управління умвс в херсонській області,Kia Sorento;Renault Kangoo;УАЗ 3303;;;;;;;;;,Hyundai Tucson;Chevrolet Aveo;Volkswagen Golf;Nissan Leaf;,72332.0,10950.02,867984.0,0.87,17281.0,21500.0,38781.0,392.0,МВС,1.9,medium,low,low,1
288,2338,Коваленко Василь Дмитрович,vulyk_41_118,Загальний апеляційний суд,суддя апеляційного суду дніпропетровської області,SsangYong Korando;Nissan TIIDA;;,Honda Pilot;Kia Sorento;;;,63840.0,17114.0,766080.0,0.77,22330.0,3299.0,25629.0,510.0,суди,2.5,medium,low,low,1
300,2429,Козаченко Юліана Павлівна,vulyk_17_128,Державна фіскальна служба / Державна митна служба / Державна податкова служба / Податкова інспекція / Міністерство зборів та доходів/,в. о. начальника дпі у хортицькому районі м. запоріжжя гу дфс у запорізький області,;;;,Audi Q7;;;;,63915.0,0.0,766980.0,0.77,6587.0,5294.0,11881.0,129.0,митники,5.4,medium,low,medium,0
304,2455,Колесник Віталіна Василівна,vulyk_14_127,Державна фіскальна служба / Державна митна служба / Державна податкова служба / Податкова інспекція / Міністерство зборів та доходів/,заступник начальника дпі у овідіопольському районі гу міндоходів в одеській області,Mazda 626;Mitsubishi Pajero Sport;;,Mercedes-Benz 500SE;Land Rover Range Rover;;,65826.0,0.0,789912.0,0.79,4724.0,3200.0,7924.0,440.0,митники,8.3,medium,low,high,0
306,2459,Колесниченко Володимир Миколайович,vulyk_8_174,Вищий спецiалiзований суд України з розгляду цивiльних i кримiнальних справ,суддя вищого спеціалізованого суду україни з розгляду цивільних і кримінальних справ,Land Rover;Audi;,;;,41985.0,55.0,503820.0,0.5,23754.0,6812.0,30566.0,1004.0,суди,1.4,low,high,low,1
313,2515,Кондратенко Людмила Петрівна,vulyk_55_15,Загальний місцевий суд,суддя,Toyota Corolla;,;;,16853.0,12180.0,202236.0,0.2,18686.0,0.0,18686.0,20066.0,суди,0.9,low,high,low,1
316,2524,Кондус Людмила Андріївна,vulyk_12_54,Загальний місцевий суд,суддя томаківського районного суду дніпропетровської області,;;;,Audi Q7;;,73911.0,12180.0,886932.0,0.89,18086.0,0.0,18086.0,101.0,суди,4.1,medium,low,low,1
317,2529,Коноваленко Максим Іванович,vulyk_54_61,Загальний місцевий суд,суддя тернівського районного суду м. кривого рогу,Nissan X-Trail;;;,Nissan X-Trail;BMW X5;;,63398.0,0.0,760776.0,0.76,18769.0,2396.0,21165.0,0.0,суди,3.0,medium,low,low,0
321,2560,Коренев Андрій Олексійович,vulyk_41_68,Адміністративний місцевий суд,суддя дніпропетровського окружного адміністративного суду,;;;,Lexus RX 350;;;;,41017.0,0.0,492204.0,0.49,16856.0,0.0,16856.0,703.0,суди,2.4,low,medium,low,0
328,2609,Корчевний Геннадій Валерійович,vulyk_51_13,Загальний апеляційний суд,суддя апеляційного суду м. києва,Jeep Grand Cherokee;;;,;;;;,70181.0,0.0,842172.0,0.84,21093.0,0.0,21093.0,89.0,суди,3.3,medium,low,low,0
329,2614,Кос'яненко Олег Олександрович,vulyk_14_69,Прокуратура,прокурор малиновського району м. одеси одеської області,Toyota F7 Cruiser;;;,Mercedes-Benz G-350 Blue TEC;;;,89759.0,0.0,1077108.0,1.08,12210.0,0.0,12210.0,530.0,суди,7.4,high,low,high,0
337,2684,Кошин Софія Олегівна,vulyk_2_108,Прокуратура,спеціаліст 1 категорії прокуратури оболонського району м. києва,;;,Hyundai Sonata;;,19901.0,0.0,238812.0,0.24,891.0,0.0,891.0,1548.0,суди,22.3,low,high,high,0
338,2685,Кравець Валентина Аркадіївна,vulyk_51_15,Загальний апеляційний суд,суддя апеляційного суду м. києва,Volkswagen Tiguan;;;,Volkswagen Passat;Volvo XC90;;;,69001.0,0.0,828012.0,0.83,20315.0,0.0,20315.0,230.0,суди,3.4,medium,low,low,0
343,2745,Кривенда Олег Вікторович,vulyk_56_171,Верховний суд,суддя верховного суду україни,Lexus RX-350;;,;;,60733.0,0.0,728796.0,0.73,27587.0,0.0,27587.0,186.0,суди,2.2,medium,low,low,0
360,2918,Кухтін Геннадій Олексійович,vulyk_54_16,Загальний місцевий суд,суддя індустріального районного суду м. дніпропетровська,;;;,Mercedes-Benz GL 350;;;,80081.0,0.0,960972.0,0.96,7671.0,0.0,7671.0,200.0,суди,10.4,medium,low,high,0
361,2929,Кучеренко Віктор Васильович,vulyk_17_49,Загальний місцевий суд,суддя мелітопольського міськрайонного суду запорізької області,;;;,Mitsubishi Outlander;;;;,15196.0,0.0,182352.0,0.18,20058.0,18579.0,38637.0,776.0,суди,0.4,low,medium,low,0
363,2931,Кучеренко Наталя Володимирівна,vulyk_17_50,Загальний місцевий суд,суддя мелітопольського міськрайонного суду запорізької області,Mitsubishi Outlander;;;,;;;;,15196.0,0.0,182352.0,0.18,18579.0,20058.0,38637.0,776.0,суди,0.4,low,medium,low,0
364,2938,Кучма Ігор Борисович,vulyk_23_81,Міністерство внутрішніх справ,начальник святошинського ру гумвс україни в м. києві,Peugeot 406;;,Lexus LX 470;Suzuki SX4;,60446.0,12956.75,725352.0,0.73,9926.0,4855.0,14781.0,181.0,МВС,4.1,medium,low,low,1
366,2948,Кушнір Олександр Володимирович,vulyk_2_48,Прокуратура,старший прокурор прокуратури шевченківського району м. києва,Infiniti FX 37;Infiniti QX 56;,;;,66526.0,0.0,798312.0,0.8,5784.0,0.0,5784.0,95.0,суди,11.5,medium,low,high,0
370,2994,Лазько Анатолій Миколайович,vulyk_29_194,Державна фіскальна служба / Державна митна служба / Державна податкова служба / Податкова інспекція / Міністерство зборів та доходів/,заступник начальника кременчуцької одпі головного управління міндоходів у полтавській області,Honda Legend;;;,Toyota Land Cruiser 120;Renault Trafic,67842.0,300.0,814104.0,0.81,6310.0,0.0,6310.0,491.0,митники,10.8,medium,low,high,1
376,3076,Линник Оксана Сергіївна,vulyk_41_44,Загальний місцевий суд,суддя тростянецького районного суду сумської області,;;;,Renault Kangoo;Toyota Scion;Suzuki Grand Vitara;Toyota Avensis;Volvo XC90,74590.0,0.0,895080.0,0.9,16943.0,0.0,16943.0,380.0,суди,4.4,medium,low,low,0
382,3154,Луговський Андрій Володимирович,vulyk_12_87,Міністерство внутрішніх справ,заступник начальника гумвс україни в дніпропетровській області,;;;,Porsche Cayenne;;,90512.0,0.0,1086144.0,1.09,9802.0,14869.0,24671.0,33.0,МВС,3.7,high,low,low,0
387,3171,Луник Роман Васильович,vulyk_21_15,Державна фіскальна служба / Державна митна служба / Державна податкова служба / Податкова інспекція / Міністерство зборів та доходів/,начальник мукачівської одпі гу дфс у закарпатській області,;;;,Mazda CX-5;;;;,28001.0,0.0,336012.0,0.34,4134.0,0.0,4134.0,911.0,митники,6.8,low,medium,medium,0
388,3187,Львов Богдан Юрійович,vulyk_8_18,Вищий господарський суд,"суддя вищого господарського суду україни, голова суду",Toyota Land Cruiser 200;;,Lexus RX 350;;,84466.0,0.0,1013592.0,1.01,25617.0,1078.0,26695.0,182.0,суди,3.2,high,low,low,0
391,3228,Лівочка Людмила Іванівна,vulyk_37_100,Загальний місцевий суд,голова ворошиловського районного суду м. донецька,Toyota Rav 4;;,Lexus RX 350;;;;;,60526.0,12180.0,726312.0,0.73,20816.0,15304.0,36120.0,451.0,суди,1.7,medium,low,low,1
392,3229,Лівочка Олександр Васильович,vulyk_39_31,Прокуратура,перший заступник прокурора донецької області,Lexus RX 350;;;;;;;;;;;,Toyota Rav 4;;;;,60526.0,12180.0,726312.0,0.73,15304.0,20816.0,36120.0,451.0,суди,1.7,medium,low,low,1
393,3234,Лікарчук Костянтин Ігорович,vulyk_4_2_11,Державна фіскальна служба / Державна митна служба / Державна податкова служба / Податкова інспекція / Міністерство зборів та доходів/,заступник голови державної фіскальної служби україни,BMW Z4;Audi A8;Kia Sportage;;,;;;;,102554.0,0.0,1230648.0,1.23,175302.0,0.0,175302.0,848.0,митники,0.6,high,medium,low,0
396,3249,Літвінов Євген Володимирович,vulyk_8_180,Вищий спецiалiзований суд України з розгляду цивiльних i кримiнальних справ,суддя вищого спеціалізованого суду україни з розгляду цивільних і кримінальних справ,Volkswagen Touareg;;,Lexus RX-270;;,97894.0,0.0,1174728.0,1.17,23796.0,2639.0,26435.0,44.0,суди,3.7,high,low,low,0
400,3270,Мазуренко Олександр Анатолійович,vulyk_29_186,Державна фіскальна служба / Державна митна служба / Державна податкова служба / Податкова інспекція / Міністерство зборів та доходів/,начальник дпі у м. ялта гу міндоходів у ар крим,;;;,Lexus RX400;Mercedes-Benz ML 350,82420.0,0.0,989040.0,0.99,649.0,0.0,649.0,24.0,митники,127.0,medium,low,high,0
402,3288,Макаренко Оксана Вікторівна,vulyk_59_76,Господарський місцевий суд,суддя господарського суду харківської області,;;,Land Rover Range Rover Evoque;Land Rover Range Rover Sport;Mitsubishi Lancer;Peugeot 107,138187.0,0.0,1658244.0,1.66,15774.0,3885.0,19659.0,325.0,суди,7.0,high,low,high,0
403,3291,Макаров Денис Валерійович,vulyk_13_199,Державна фіскальна служба / Державна митна служба / Державна податкова служба / Податкова інспекція / Міністерство зборів та доходів/,перший заступник начальника дніпродзержинської об'єднаної державної податкової інспекції головного управління дфс у дніпропетровській області,Toyota Prado GX;Mitsubishi ASX;;,Mitsubishi ASX;;;,65842.0,0.0,790104.0,0.79,5503.0,102.0,5605.0,54.0,митники,11.7,medium,low,high,0
408,3322,Малетич Михайло Михайлович,vulyk_8_101,Вищий господарський суд,суддя вищого господарського суду україни,Mercedes-Benz ML 350;;,;;,66978.0,0.0,803736.0,0.8,24922.0,0.0,24922.0,566.0,суди,2.7,medium,low,low,0
409,3341,Мальцев Дмитро Володимирович,vulyk_13_200,Державна фіскальна служба / Державна митна служба / Державна податкова служба / Податкова інспекція / Міністерство зборів та доходів/,перший заступник начальника дпі у анд районі м. дніпропетровська гу міндоходів дніпропетровської області,Mercedes E300;BMW 730;Volkswagen Touareg;,;;;,116118.0,0.0,1393416.0,1.39,927.0,2538.0,3465.0,57.0,митники,33.5,high,low,high,0
415,3394,Мартюхіна Наталя Олександрівна,vulyk_37_32,Апеляційний господарський суд,суддя донецького апеляційного господарського суду,Volkswagen Tiguan;;,Land Rover;Fiat Doblo;;;;,76097.0,13398.0,913164.0,0.91,17419.0,1945.0,19364.0,177.0,суди,3.9,medium,low,low,1
417,3417,Марченко Олександр Степанович,vulyk_10_107,Державна фіскальна служба / Державна митна служба / Державна податкова служба / Податкова інспекція / Міністерство зборів та доходів/,перший заступник начальника львівської митниці дфс,BMW X6;;,;;;;,101074.0,0.0,1212888.0,1.21,1439.0,0.0,1439.0,0.0,митники,70.2,high,low,high,0
420,3428,Маслюк Сергій Володимирович,vulyk_30_118,Прокуратура,заступник прокурора сумської області - начальник управління нагляду за додержанням законів у кримінальному провадженні,УАЗ;Mercedes-Benz ML 350;,Toyota Camry;Infinity EX 37;,80480.0,12150.0,965760.0,0.97,11955.0,0.0,11955.0,209.0,суди,6.7,medium,low,medium,1
426,3497,Мельник Ірина Миколаївна,vulyk_16_29,Загальний місцевий суд,суддя комінтернівського районного суду м. харкова,Toyota Land Cruiser Prado;;,Toyota Land Cruiser Prado;Mazda 6;Lexus;Volkswagen Caddy;ЗАЗ 110308-45;;,90580.0,12180.0,1086960.0,1.09,19355.0,5946.0,25301.0,189.0,суди,3.6,high,low,low,1
438,3605,Мишков Ярослав Євгенович,vulyk_16_134,Прокуратура,прокурор червонозаводського району м. харкова,Jeep Wrangler;;,Mercedes-Benz ML 350;;;;;;,106993.0,0.0,1283916.0,1.28,15172.0,1411.0,16583.0,625.0,суди,6.5,high,low,medium,0
441,3630,Мора Олег Миколайович,vulyk_51_198,Загальний місцевий суд,суддя обухівського районного суду київської області,Honda Pilot;;;,Audi Q5;;;;,66318.0,0.0,795816.0,0.8,13657.0,16077.0,29734.0,460.0,суди,2.2,medium,low,low,0
443,3636,Мороз Вікторія Олександрівна,vulyk_34_5,Загальний місцевий суд,заступник голови новодністровського міського суду чернівецької області,Lexus;;,BMW X1;;,51523.0,12180.0,618276.0,0.62,14770.0,1896.0,16666.0,1386.0,суди,3.1,low,high,low,1
449,3680,Муратова Світлана Олександрівна,vulyk_52_26,Загальний місцевий суд,"суддя, заступник голови київського районного суду м. харкова",Chrysler PT Cruiser;,Chrysler PT Cruiser;Toyota Sequoia;Mercedes-Benz E 260;BMW X6 XDrive 35i,117726.0,0.0,1412712.0,1.41,17446.0,11255.0,28701.0,369.0,суди,4.1,high,low,low,0
462,3776,Насіров Роман Михайлович,chesno_2297,Державна фіскальна служба / Державна митна служба / Державна податкова служба / Податкова інспекція / Міністерство зборів та доходів/,голова державної фіскальної служби,Toyota Camry;Lexus LX 570;;;,Land Rover Range Rover;;;;,120997.0,0.0,1451964.0,1.45,396420.0,2155.0,398575.0,572.0,митники,0.3,high,low,low,0
464,3790,Невідома Тетяна Олексіївна,vulyk_51_23,Загальний апеляційний суд,суддя апеляційного суду міста києва,Volkswagen Tiguan;;;,Toyota Fj;;;;,82625.0,54416.57,991500.0,0.99,22232.0,27167.0,49399.0,486.0,суди,1.7,medium,low,low,1
469,3826,Нечипуренко Олександр Михайлович,vulyk_57_110,Апеляційний господарський суд,суддя запорізького окружного адміністративного суду,;;;,Toyota Rav 4;Volvo 740;;,25342.0,0.0,304104.0,0.3,21222.0,0.0,21222.0,951.0,суди,1.2,low,medium,low,0
473,3871,Ніколенко Михайло Олександрович,vulyk_41_25,Господарський місцевий суд,суддя господарського суду дніпропетровської області,Mercedes-Benz ML 250;Lexus RX 350;Nissan Sunny;Mitsubishi L 200,Mercedes-Benz ML 250;;;;,155744.0,0.0,1868928.0,1.87,15101.0,1500.0,16601.0,125.0,суди,9.4,high,low,high,0
474,3902,Овсянніков Владислав Сергійович,vulyk_15_191,Загальний місцевий суд,суддя дергачівського районного суду харківської області,Audi Q5;;,Audi A3 sportback;;;,58759.0,0.0,705108.0,0.71,14875.0,7337.0,22212.0,445.0,суди,2.6,medium,low,low,0
475,3905,Овчаренко Сергій Миколайович,vulyk_1_1380,Прокуратура,перший заступник прокурора м. Черкаси,Audi A4;Land Rover Range Rover;;;;,;;;;;,73595.0,0.0,883140.0,0.88,9387.0,0.0,9387.0,106.0,суди,7.8,medium,low,high,0
486,3987,Онопенко Василь Васильович,vulyk_56_193,Верховний суд,суддя верховного суду украіни,Audi A8;;,;;,76292.0,0.0,915504.0,0.92,45464.0,2111.0,47575.0,706.0,суди,1.6,medium,medium,low,0
487,3993,Оніщук Максим Іванович,vulyk_51_25,Загальний апеляційний суд,суддя апеляційного суду м. києва,Toyota FJ Cruiser;;;,Skoda Fabia Elegans;Mercedes-Benz ML 350;;;,102458.0,0.0,1229496.0,1.23,18194.0,0.0,18194.0,317.0,суди,5.6,high,low,medium,0
488,3997,Оприск Зорян Леонович,vulyk_17_198,Загальний місцевий суд,суддя жовківського районного суду львівської області,Opel Vectra;Subaru Forester;;,Opel Vectra;Volvo XC70;Subaru Forester;;,38590.0,0.0,463080.0,0.46,15526.0,0.0,15526.0,857.0,суди,2.5,low,medium,low,0
493,4026,Остапчук Валерій Васильович,vulyk_10_161,Державна фіскальна служба / Державна митна служба / Державна податкова служба / Податкова інспекція / Міністерство зборів та доходів/,начальник харківської митниці дфс україни,;;,Lexus RX 350;Toyota RAV4;;;,82609.0,12864.0,991308.0,0.99,6317.0,16821.0,23138.0,666.0,митники,3.6,medium,low,low,1
494,4032,Остропілець Євген Романович,vulyk_15_187,Загальний місцевий суд,заступник голови дніпропетровського районного суду харківської області,Ford Kuga;Mercedes-Benz S;,Ford Fiesta;Ford Kuga;Mercedes S;,62221.0,0.0,746652.0,0.75,20287.0,1300.0,21587.0,471.0,суди,2.9,medium,low,low,0
496,4059,Павич Володимир Степанович,vulyk_20_60,Прокуратура,дрогобицький міжрайонний прокурор,Ford Transit;;;,Volkswagen Caddy;ГАЗ 69;Mercedes-Benz E220 CDI;Ford Transit Connect,63843.0,0.0,766116.0,0.77,12940.0,9996.0,22936.0,132.0,суди,2.8,medium,low,low,0
498,4080,Павлюк Ірина Юріївна,vulyk_55_156,Апеляційний господарський суд,суддя рівненського апеляційного господарського суду,Subaru Impreza;Porsche Cayenne,УАЗ 31512;;,68941.0,0.0,827292.0,0.83,16622.0,11462.0,28084.0,752.0,суди,2.5,medium,medium,low,0
501,4124,Панова Ірина Юріївна,vulyk_8_76,Вищий господарський суд,суддя,BMW 320;Toyota Rav 4;,;;,63428.0,0.0,761136.0,0.76,23218.0,0.0,23218.0,66.0,суди,2.7,medium,low,low,0
502,4126,Панталієнко Петро Васильович,vulyk_56_173,Верховний суд,суддя верховного суду україни,Honda CR-V;;,Volkswagen Touareg;;,62419.0,15834.0,749028.0,0.75,26531.0,0.0,26531.0,289.0,суди,2.4,medium,low,low,1
506,4167,Паскал Василь Федорович,vulyk_25_18,Міністерство внутрішніх справ,заступник міністра внутрішніх справ україни,Skoda Octavia A5;;;,Mitsubishi Pajero Wagon;Mercedes-Benz GL 550;Niva Chevrolet;Niva Chevrolet,91280.0,0.0,1095360.0,1.1,14722.0,5007.0,19729.0,779.0,МВС,4.6,high,medium,low,0
508,4184,Пахомов Валерій Анатолійович,vulyk_34_83,Міністерство внутрішніх справ,начальник умз гумвс україни в харківській області,;;,Honda Pilot;Honda C;Mazda CX-7,60441.0,0.0,725292.0,0.73,15197.0,15962.0,31159.0,118.0,МВС,1.9,medium,low,low,0
509,4185,Пацкан Василь Васильович,vulyk_21_17,Державна фіскальна служба / Державна митна служба / Державна податкова служба / Податкова інспекція / Міністерство зборів та доходів/,виконуючий обов'язки начальника - перший заступник начальника ужгородської одпі гу дфс у закарпатській області,Toyota;;;,Subaru;;;;,67793.0,4343.0,813516.0,0.81,4038.0,4022.0,8060.0,518.0,митники,8.4,medium,low,high,1
514,4227,Петренко Ігор Васильович,vulyk_41_29,Господарський місцевий суд,суддя господарського суду дніпропетровської області,BYD S6;;;,Nissan Teana;;;;,30702.0,0.0,368424.0,0.37,19892.0,21047.0,40939.0,1871.0,суди,0.7,low,high,low,0
515,4232,Петренко Наталія Едуардівна,vulyk_41_30,Господарський місцевий суд,суддя господарського суду дніпропетровської області,Nissan Teana;;;,BYD S6;;;;,30702.0,0.0,368424.0,0.37,19466.0,21474.0,40940.0,1871.0,суди,0.7,low,high,low,0
517,4238,Петрова Валентина Іванівна,vulyk_41_31,Господарський місцевий суд,суддя господарського суду дніпропетровської області,Toyota Rav 4;;;,Toyota Highlander;;;;,60752.0,0.0,729024.0,0.73,19395.0,10486.0,29881.0,164.0,суди,2.0,medium,low,low,0
524,4314,Погрібний Микола Олексійович,vulyk_15_124,Загальний місцевий суд,суддя суворівського районного суду м. одеси,Volkswagen Touareg;;,Volkswagen Tiguan;;;,70126.0,0.0,841512.0,0.84,24602.0,3444.0,28046.0,530.0,суди,2.5,medium,low,low,0
525,4319,Подобайло Зоя Григорівна,vulyk_56_137,Апеляційний адміністративний суд,суддя харківського апеляційного адміністративного суду,;;,Mitsubishi Pajero Sport;Toyota Highlander;Toyota Venza,72541.0,0.0,870492.0,0.87,18100.0,4576.0,22676.0,425.0,суди,3.2,medium,low,low,0
528,4330,Пойдолова Марія Пантеліївна,vulyk_14_130,Державна фіскальна служба / Державна митна служба / Державна податкова служба / Податкова інспекція / Міністерство зборів та доходів/,начальник відділу податкового аудиту дпі у ренійському районі гу міндоходів в одеській області,Toyota Rav 4;;;,Toyota Land Cruiser;Honda Accord;Mitsubishi;,43400.0,0.0,520800.0,0.52,4192.0,0.0,4192.0,906.0,митники,10.4,low,medium,high,0
532,4356,Полянський Анатолій Григорович,vulyk_8_59,Вищий господарський суд,суддя вищого господарського суду україни,Mercedes-Benz S 550;;,Toyota Rav 4;;,56115.0,14616.0,673380.0,0.67,23897.0,1339.0,25236.0,781.0,суди,2.2,low,medium,low,1
534,4360,Полєйко Віталій Олександрович,vulyk_10_23,Державна фіскальна служба / Державна митна служба / Державна податкова служба / Податкова інспекція / Міністерство зборів та доходів/,заступник начальника дніпропетровської митниці державної фіскальної служби,Lexus RX 350;;,Lexus RX 350;;;;,77296.0,0.0,927552.0,0.93,4245.0,0.0,4245.0,776.0,митники,18.2,medium,medium,high,0
539,4406,Попов Денис Вікторович,vulyk_16_141,Прокуратура,прокурор великобурлуцького району харківської області,Volkswagen Golf;Ford Fiesta;Toyota Land Cruiser,Volkswagen Touareg;Mercedes-Benz Vito;Mitsubishi L 200;Ford Fiesta;;;,92878.0,0.0,1114536.0,1.11,11012.0,3318.0,14330.0,716.0,суди,6.5,high,medium,medium,0
541,4416,Попович Ірина Миколаївна,vulyk_59_81,Господарський місцевий суд,суддя господарського суду харківської області,Lexus LX - 570;;,Mitsubishi L 200;Hyundai H1;;,138615.0,0.0,1663380.0,1.66,10859.0,15081.0,25940.0,769.0,суди,5.3,high,medium,medium,0
546,4478,Присяжнюк Олег Богданович,vulyk_51_80,Загальний апеляційний суд,суддя апеляційного суду міста києва,Nissan Armada;Mercedes-Benz S320;;,;;;;,22415.0,0.0,268980.0,0.27,22969.0,17627.0,40596.0,902.0,суди,0.6,low,medium,low,0
547,4482,Притула Єгор Михайлович,vulyk_11_122,Державна фіскальна служба / Державна митна служба / Державна податкова служба / Податкова інспекція / Міністерство зборів та доходів/,перший заступник начальника міжрегионального гу міндоходів - центрального офісу з обслуговування великих платників,Toyota Land Cruiser 200;Toyota Land Cruiser 120;,Toyota Corolla;Fiat Cinquecento;;,64247.0,0.0,770964.0,0.77,10217.0,0.0,10217.0,59.0,митники,6.3,medium,low,medium,0
550,4507,Прокоф'єв Дмитро Ігорович,vulyk_24_180,Державна фіскальна служба / Державна митна служба / Державна податкова служба / Податкова інспекція / Міністерство зборів та доходів/,начальник дпі у центральному районі м. миколаєва гу дфс у миколаїській області,Toyota Camry;Daewoo Sens;;,Mazda CX-5;Mazda 6;,68877.0,0.0,826524.0,0.83,1923.0,804.0,2727.0,392.0,митники,25.3,medium,low,high,0
553,4546,Пулик Василь Васильович,vulyk_21_82,Загальний місцевий суд,голова долинського районного суду івано-франківської області,;;;,Volkswagen Touareg;Kia Sportage;;;,58614.0,0.0,703368.0,0.7,21415.0,7603.0,29018.0,881.0,суди,2.0,medium,medium,low,0
557,4586,Підліснюк Олександр Миколайович,vulyk_33_55,Прокуратура,золотоніський міжрайонний прокурор,Toyota Avalon;;;,Toyota Venza;;;,67152.0,0.0,805824.0,0.81,12316.0,0.0,12316.0,184.0,суди,5.5,medium,low,medium,0
558,4588,Піковський Ігор Олександрович,vulyk_58_84,Державна фіскальна служба / Державна митна служба / Державна податкова служба / Податкова інспекція / Міністерство зборів та доходів/,голова наглядової ради пат промзв'язок,Lexus LX 570;;,;;;,59445.0,9800.9,713340.0,0.71,69590.0,8192.0,77782.0,875.0,митники,0.8,medium,medium,low,1
560,4599,Піонтковський Владислав Олегович,vulyk_2_227,Прокуратура,старший прокурор шепетівської міжрайонної прокуратури,Toyota Carina II;;,;;,3369.0,0.0,40428.0,0.04,7319.0,0.0,7319.0,1496.0,суди,0.5,low,high,low,0
563,4636,Ратушенко Олександр Миколайович,vulyk_33_195,Загальний місцевий суд,суддя сокирянського районного суду чернівецької області,;;;,Volkswagen Passat CC;Volkswagen Touareg;;,72979.0,32382.0,875748.0,0.88,12913.0,1250.0,14163.0,119.0,суди,5.2,medium,low,medium,1
564,4637,Ратушенко Сергій Миколайович,vulyk_33_71,Міністерство внутрішніх справ,заступник начальника умвс україни в чернівецькій області-начальник кримінальної міліції,;;;,Mercedes-Benz Vito;Mercedes-Benz E 270;Audi Q5;,67245.0,0.0,806940.0,0.81,0.0,0.0,0.0,274.0,МВС,inf,medium,low,high,0
570,4668,Рибаков Микола Володимирович,vulyk_14_110,Державна фіскальна служба / Державна митна служба / Державна податкова служба / Податкова інспекція / Міністерство зборів та доходів/,перший заступник начальника дпі у приморському районі міста одеси гу дфс в одеській області,Lexus GX 460;Lexus GS 300;;,Lexus GX 460;Lexus GS 300;Toyota Yaris;,142334.0,0.0,1708008.0,1.71,2397.0,0.0,2397.0,752.0,митники,59.4,high,medium,high,0
573,4720,Розізнана Інна Вікторівна,vulyk_55_158,Апеляційний господарський суд,суддя рівненського апеляційного господарського суду,Toyota Venza‎;,Audi A6;;,64060.0,0.0,768720.0,0.77,18396.0,0.0,18396.0,102.0,суди,3.5,medium,low,low,0
574,4728,Романишена Інна Павлівна,vulyk_51_148,Загальний місцевий суд,суддя шевченківського районного суду м. києва,Lexus RX 350;;;,Lexus ES 250;;;;,60556.0,0.0,726672.0,0.73,0.0,4090.0,4090.0,134.0,суди,14.8,medium,low,high,0
578,4746,Романяк Дмитро Михайлович,vulyk_23_118,Прокуратура,заступник прокурора дарницького району міста києва,Lexus GS 350;Lexus GX 460;,;;,95946.0,0.0,1151352.0,1.15,7632.0,1504.0,9136.0,0.0,суди,10.5,high,low,high,0
580,4753,Ростем Олександр Іванович,vulyk_37_193,Державна фіскальна служба / Державна митна служба / Державна податкова служба / Податкова інспекція / Міністерство зборів та доходів/,начальник дпі у волноваському районі гу міндоходів у донецькій області,;;,ВАЗ 2121;Hyundai Accent;Kia Mohave;Hyundai Genesis;Ford Kuga;Kia Optima,110181.0,0.0,1322172.0,1.32,6080.0,4291.0,10371.0,477.0,митники,10.6,high,low,high,0
591,4884,Садовий Сергій Володимирович,vulyk_35_22,Державна фіскальна служба / Державна митна служба / Державна податкова служба / Податкова інспекція / Міністерство зборів та доходів/,начальник полтавської одпі гу міндоходів у полтавській області,Honda Pilot;;,Hyundai Elantra;Honda Pilot;;;,62147.0,0.0,745764.0,0.75,5809.0,0.0,5809.0,250.0,митники,10.7,medium,low,high,0
592,4885,Садовський Костянтин Сергійович,vulyk_52_38,Загальний місцевий суд,"суддя, заступник голови київського районного суду м. харкова",Toyota Highlander;,Toyota Auris;Toyota Highlander;;,72290.0,0.0,867480.0,0.87,18108.0,2040.0,20148.0,127.0,суди,3.6,medium,low,low,0
594,4908,Самсін Ігор Леонович,vulyk_56_175,Верховний суд,суддя верховного суду україни,;;,Mercedes-Benz S 350;;,43111.0,0.0,517332.0,0.52,29534.0,19076.0,48610.0,768.0,суди,0.9,low,medium,low,0
612,5066,Симчера Вадим Васильович,vulyk_10_66,Державна фіскальна служба / Державна митна служба / Державна податкова служба / Податкова інспекція / Міністерство зборів та доходів/,начальник закарпатської митниці державної фіскальної служби україни,Skoda Octavia Tour;;,Skoda Octavia Tour;Honda Accord;Volkswagen Tiguan;;,67621.0,390.0,811452.0,0.81,4588.0,0.0,4588.0,490.0,митники,14.7,medium,low,high,1
613,5069,Синчук Василь Людвигович,vulyk_39_109,Прокуратура,прокурор автономної республіки крим,Mercedes-Benz;Chevrolet Tahoe;ЗИМ 12;Volvo 940;Mercedes-Benz CL 500;Mercedes-Benz S 600;Mercedes-Benz S 600;Mercedes-Benz G 55;Mercedes-Benz CL 500;BMW E66;Toyota Camry;Chevrolet Express,;;;;,294828.0,0.0,3537936.0,3.54,9173.0,0.0,9173.0,402.0,суди,32.1,high,low,high,0
617,5133,Слепаньов Олександр Михайлович,vulyk_1_991,Прокуратура,прокурор прокуратури Печерського району м. Києва,BMW 5;;;;;,;;;;;,69438.0,0.0,833256.0,0.83,5728.0,0.0,5728.0,286.0,суди,12.1,medium,low,high,0
624,5185,Собко Павло Станіславович,vulyk_10_51,Державна фіскальна служба / Державна митна служба / Державна податкова служба / Податкова інспекція / Міністерство зборів та доходів/,начальник митного поста слов'янськ східної митниці міндоходів,Seat Altea;;,MG 350;;;;,81869.0,10619.0,982428.0,0.98,7055.0,0.0,7055.0,156.0,митники,11.6,medium,low,high,1
629,5210,Сокуренко Дмитро Михайлович,vulyk_51_84,Загальний апеляційний суд,суддя апеляційного суду міста києва,Toyota Prado;Chevrolet Starcraft;;,Honda CR-V;;;;,40919.0,0.0,491028.0,0.49,22725.0,9999.0,32724.0,830.0,суди,1.3,low,medium,low,0
633,5242,Сорока Людмила Олексіївна,vulyk_17_143,Державна фіскальна служба / Державна митна служба / Державна податкова служба / Податкова інспекція / Міністерство зборів та доходів/,заступник начальника - начальник великобілозерського відділення енергодарської одпі гу дфс у запорізький області,ВАЗ 21099;;;,;;;;,3395.0,0.0,40740.0,0.04,5088.0,0.0,5088.0,700.0,митники,0.7,low,medium,low,0
635,5255,Справедливий Дмитро Олександрович,vulyk_2_74,Прокуратура,заступник прокурора оболонського району міста києва,Toyota Camry;;,Toyota Venza;Mercedes-Benz S 500;,122171.0,0.0,1466052.0,1.47,9522.0,0.0,9522.0,582.0,суди,12.8,high,low,high,0
649,5361,Суворов Валерій Олексійович,vulyk_15_88,Загальний апеляційний суд,суддя апеляційного суду одеської області,Volkswagen Touareg;;,Honda CR-V;;;,63685.0,0.0,764220.0,0.76,20625.0,16586.0,37211.0,289.0,суди,1.7,medium,low,low,0
650,5381,Сухоребрий Сергій Анатолійович,vulyk_11_17,Прокуратура,заступник прокурора вінницької області,Mitsubishi Outlander;;,Toyota Yaris;;;,20185.0,0.0,242220.0,0.24,15561.0,0.0,15561.0,703.0,суди,1.3,low,medium,low,0
658,5448,Тарасов Сергій Георгійович,vulyk_10_27,Державна фіскальна служба / Державна митна служба / Державна податкова служба / Податкова інспекція / Міністерство зборів та доходів/,начальник митного поста дніпропетровськ-лівобережний дніпропетровської митниці дфс,Volkswagen Multivan;Honda CR-V;Mercedes-Benz ML,Mercedes-Benz ML-Class;;;;,85457.0,0.0,1025484.0,1.03,7205.0,0.0,7205.0,488.0,митники,11.9,high,low,high,0
662,5475,Тенюх Василь Петрович,vulyk_45_19,Загальний апеляційний суд,суддя апеляційного суду львівської області,Toyota Avensis;;,Opel Vectra;;;;,64597.0,13398.0,775164.0,0.78,21864.0,0.0,21864.0,71.0,суди,3.0,medium,low,low,1
668,5518,Тичкова Олена Юріївна,vulyk_39_125,Загальний апеляційний суд,"суддя, заступник голови апеляційного суду харківської області",Mercedes-Benz E 3504 Matic;Mercedes-Benz ML 250;;;;;;;;;;,Mercedes-Benz E 3504 Matic;Mercedes-Benz ML 250;Toyota Land Cruiser;;,178099.0,0.0,2137188.0,2.14,21866.0,0.0,21866.0,406.0,суди,8.1,high,low,high,0
671,5545,Ткаченко Олександр Геннадійович,vulyk_30_86,Державна фіскальна служба / Державна митна служба / Державна податкова служба / Податкова інспекція / Міністерство зборів та доходів/,заступник начальника головного управління дфс у сумській області,Volkswagen;;,Renault;;,24047.0,0.0,288564.0,0.29,5406.0,95.0,5501.0,798.0,митники,4.4,low,medium,low,0
678,5608,Трояновська Тетяна Михайлівна,vulyk_57_37,Загальний місцевий суд,суддя нововодолазького районного суду харківської області,Audi Q7;;;,Mercedes-Benz G 55 AMG;Volkswagen Transporter;;,128238.0,32433.0,1538856.0,1.54,30.0,4437.0,4467.0,95.0,суди,28.7,high,low,high,1
683,5648,Удовіченко Сергій Олександрович,vulyk_26_63,Адміністративний місцевий суд,заступник голови полтавського окружного адміністративного суду,;;,ВАЗ 21213;BMW 6;Toyota Venza;Toyota Highlander,94419.0,0.0,1133028.0,1.13,19281.0,0.0,19281.0,530.0,суди,4.9,high,low,low,0
685,5659,Уляненко Федір Михайлович,vulyk_36_160,Державна фіскальна служба / Державна митна служба / Державна податкова служба / Податкова інспекція / Міністерство зборів та доходів/,начальник дпі у м. чернігові гу дфс у чернігівській області,;,Volkswagen Touareg;Mercedes-Benz B 180,67028.0,0.0,804336.0,0.8,1954.0,1563.0,3517.0,281.0,митники,19.1,medium,low,high,0
692,5717,Федченко Володимир Миколайович,vulyk_57_47,Загальний місцевий суд,суддя борівського районного суду харківської області,Mitsubishi Outlander XL;Hyundai Sonata;УАЗ 469Б;ГАЗ 3110,Mitsubishi Outlander XL;Hyundai Sonata;;,67500.0,7935.0,810000.0,0.81,20792.0,7690.0,28482.0,221.0,суди,2.4,medium,low,low,1
693,5739,Фоменко Олена Петрівна,vulyk_17_114,Державна фіскальна служба / Державна митна служба / Державна податкова служба / Податкова інспекція / Міністерство зборів та доходів/,"перший заступник начальника головного управління дфс у запорізький області, голова комісії з реорганізації головного управління міндоходів у запорізький області",Mazda CX-9;Mazda 3;;,Toyota Auris;Kia Sportage;Kia Sorento;;,79823.0,0.0,957876.0,0.96,4170.0,2141.0,6311.0,345.0,митники,12.6,medium,low,high,0
701,5792,Хайхан Світлана Валентинівна,vulyk_16_63,Державна фіскальна служба / Державна митна служба / Державна податкова служба / Податкова інспекція / Міністерство зборів та доходів/,перший заступник начальника західної одпі м. харькова гу міндоходів у харківській області,Toyota Venza;;,Audi Q7;;;;;;,91232.0,0.0,1094784.0,1.09,3552.0,2711.0,6263.0,871.0,митники,14.6,high,medium,high,0
702,5793,Халін Олег Валерійович,vulyk_13_194,Прокуратура,в. о начальника управління нагляду за додержанням законів у кримінальному провадженні прокуратури дніпропетровської області,;;;,Toyota Land Cruiser 200;;;,64671.0,0.0,776052.0,0.78,12090.0,1626.0,13716.0,144.0,суди,4.7,medium,low,low,0
710,5863,Хотенець Павло Васильович,vulyk_59_55,Господарський місцевий суд,"суддя, заступник голови господарського суду харківської області",Mitsubishi Pajero Wagon;;,Toyota Land Cruiser Prado;;;,67326.0,0.0,807912.0,0.81,23476.0,24068.0,47544.0,124.0,суди,1.4,medium,low,low,0
716,5952,Чайкін Ігор Борисович,vulyk_54_35,Загальний місцевий суд,"суддя жовтневого районного суду м. кривого рогу, дніпропетровської області",Toyota Camry;;;,Toyota Corolla;Toyota Rav 4;Toyota Camry;,68396.0,0.0,820752.0,0.82,16878.0,16859.0,33737.0,297.0,суди,2.0,medium,low,low,0
717,5953,Чайкіна Ольга Володимирівна,vulyk_54_40,Загальний місцевий суд,суддя дзержинського районного суду м. кривого рогу,Toyota Corolla;Toyota Rav 4;Toyota Camry;,Toyota Camry;;;,68396.0,0.0,820752.0,0.82,16859.0,16878.0,33737.0,214.0,суди,2.0,medium,low,low,0
718,5954,Чалий Ігор Сергійович,vulyk_56_148,Апеляційний адміністративний суд,суддя харківського апеляційного адміністративного суду,Land Rover Range Rover Evoque;;,Volkswagen CC;;,74092.0,0.0,889104.0,0.89,16779.0,3568.0,20347.0,188.0,суди,3.6,medium,low,low,0
720,5960,Чеботар Сергій Іванович,vulyk_25_3,Міністерство внутрішніх справ,заступник міністра внутрішніх справ україни - керівник апарату,;;;,Range Rover;Toyota Camry;;,66180.0,0.0,794160.0,0.79,13502.0,0.0,13502.0,398.0,МВС,4.9,medium,low,low,0
724,5984,Черепахін Володимир Олексійович,vulyk_32_175,Загальний місцевий суд,заступник голови кам'янець-подільського міськрайонного суду хмельницької області,;;;,Daewoo Lanos;;,4272.0,0.0,51264.0,0.05,18562.0,1633.0,20195.0,898.0,суди,0.2,low,medium,low,0
726,5992,Чернат Олександр Анатолійович,vulyk_22_151,Прокуратура,васильківський міжрайонний прокурор київської області,Mercedes-Benz ML-320CDI;,;;,65421.0,0.0,785052.0,0.79,10245.0,0.0,10245.0,37.0,суди,6.4,medium,low,medium,0
728,6013,Чернов Євген Володимирович,vulyk_8_114,Вищий господарський суд,суддя вищого господарського суду україни,Audi A6;;,Audi Q7;;,88875.0,0.0,1066500.0,1.07,26306.0,4010.0,30316.0,276.0,суди,2.9,high,low,low,0
729,6023,Черновський Ігор Васильович,vulyk_1_1124,Прокуратура,старший прокурор прокуратури Печерського району міста Києва,Lexus LX 470;;;;;,BMW X6;Mercedes-Benz Sprinter;Mercedes-Benz Sprinter;;;,81779.0,0.0,981348.0,0.98,5004.0,1070.0,6074.0,289.0,суди,13.5,medium,low,high,0
733,6031,Черняк Алла Богданівна,vulyk_1_1328,Прокуратура,спеціаліст І категорії прокуратури Лановецького району,;;;;;,Ford Transit;Mercedes Benz 611;Toyota Land Cruiser 200;;;,66238.0,0.0,794856.0,0.79,5648.0,17480.0,23128.0,283.0,суди,2.9,medium,low,low,0
737,6066,Чопей Василь Євгенович,vulyk_23_42,Міністерство внутрішніх справ,начальник управління фінансового забезпечення та бухгалтерського обліку гумвс україни в м. києві,Volkswagen Touareg;;,Toyota Rav 4;;,74492.0,600.0,893904.0,0.89,13219.0,0.0,13219.0,112.0,МВС,5.6,medium,low,medium,1
740,6104,Шавлак Олександр В'ячеславович,vulyk_10_190,Державна фіскальна служба / Державна митна служба / Державна податкова служба / Податкова інспекція / Міністерство зборів та доходів/,заступник начальника чернігівської митниці дфс,Mitsubishi Pajero Wagon;;,ВАЗ 21113;Subaru Tribeca;;;,55713.0,0.0,668556.0,0.67,3108.0,1278.0,4386.0,916.0,митники,12.7,low,medium,high,0
742,6109,Шалай Костянтин Михайлович,vulyk_10_21,Державна фіскальна служба / Державна митна служба / Державна податкова служба / Податкова інспекція / Міністерство зборів та доходів/,начальник дніпропетровської митниці дфс,Toyota Camry;;,Toyota Highlander;;;;,72649.0,0.0,871788.0,0.87,20392.0,33.0,20425.0,366.0,митники,3.6,medium,low,low,0
746,6141,Шахова Олена Василівна,vulyk_51_44,Загальний апеляційний суд,суддя апеляційного суду міста києва,Mercedes-Benz ML 350;;;,Volkswagen Passat;;;;,78293.0,0.0,939516.0,0.94,21569.0,0.0,21569.0,94.0,суди,3.6,medium,low,low,0
748,6160,Шевцов Олександр Олексійович,vulyk_16_143,Прокуратура,прокурор дергачівського району харківської області,Mercedes-Benz ML 350;;,;;;;;;,66978.0,0.0,803736.0,0.8,10835.0,0.0,10835.0,50.0,суди,6.2,medium,low,medium,0
754,6197,Шелудько Олег Анатолійович,vulyk_11_200,Державна фіскальна служба / Державна митна служба / Державна податкова служба / Податкова інспекція / Міністерство зборів та доходів/,аступник начальника інспекції– начальник криворізького управління сдпі у м. дніпропетровську мгу м,Chrysler Crossfire;;,BMW 760;Lexus GX460;ЗАЗ 110557;ВАЗ 21093,80332.0,0.0,963984.0,0.96,5434.0,0.0,5434.0,849.0,митники,14.8,medium,medium,high,0
763,6274,Шльома Роман Степанович,vulyk_20_57,Прокуратура,прокурор яворівського району львівської області,;;;,Audi Q7;;;,73911.0,0.0,886932.0,0.89,14482.0,5863.0,20345.0,329.0,суди,3.6,medium,low,low,0
771,6353,Щотка Станіслав Олексійович,vulyk_9_79,Вища кваліфікаційна комісія суддів України,член вищої кваліфікаційної комісії суддів україни (суддя верховного суду україни у відставці,Volkswagen Touareg;;;;,Volkswagen Tiguan;;;,64443.0,0.0,773316.0,0.77,1015.0,4204.0,5219.0,126.0,суди,12.3,medium,low,high,0
774,6383,Юрченко Юрій Сергійович,vulyk_13_193,Прокуратура,"прокурор кіровського району м. дніпропетровська, дніпропетровської області",ГАЗ М20;;;,Lexus GX 460;Toyota Camry;;,73544.0,0.0,882528.0,0.88,11201.0,0.0,11201.0,74.0,суди,6.6,medium,low,medium,0
776,6398,Якименко Марина Миколаївна,vulyk_19_162,Загальний апеляційний суд,суддя апеляційного суду вінницької області,Peugeot 206 XR;;,Mercedes-Benz GL 450;Mercedes-Benz A 180;,66581.0,0.0,798972.0,0.8,19653.0,0.0,19653.0,128.0,суди,3.4,medium,low,low,0
779,6409,Яковлев Андрій Сергійович,vulyk_16_157,Прокуратура,начальник управління,Audi A6;;,Toyota Rav 4;;;;;;,76696.0,0.0,920352.0,0.92,12987.0,18312.0,31299.0,197.0,суди,2.5,medium,low,low,0
781,6419,Ямборко Володимир Іванович,vulyk_10_111,Державна фіскальна служба / Державна митна служба / Державна податкова служба / Податкова інспекція / Міністерство зборів та доходів/,начальник м. п. смільниця львівської митниці дфс,BMW 730;;,BMW X6;;;;,75584.0,3182.0,907008.0,0.91,5630.0,0.0,5630.0,235.0,митники,13.4,medium,low,high,1
785,6442,Яризько Володимир Олександрович,vulyk_59_94,Господарський місцевий суд,суддя господарського суду харківської області,Toyota Fortuner;Skoda Octavia A7;,Toyota Auris;Toyota Rav 4;Mercedes-Benz Vito;,78635.0,0.0,943620.0,0.94,19321.0,0.0,19321.0,318.0,суди,4.1,medium,low,low,0
